,MAE_naive,RMSE_naive,MASE_naive,MAE_snaive_s,RMSE_snaive_s,MASE_snaive_s,MAE_snaive_168,RMSE_snaive_168,MASE_snaive_168,MAE_ma24,RMSE_ma24,n
ALL,3875.481676342354,5258.774479942235,1.2337149991336596,3141.9948163003164,4688.507459970225,1.0,3183.42282517855,4717.600878261565,1.013037808476,2716.68058458839,3255.8682957070223,87348
